{
  "bookmarks": {
    "casino": true,
    "co-op": false,
    "draw": false,
    "event": true,
    "extra": false,
    "guild_wars": false,
    "home": true,
    "inventory": false,
    "items": true,
    "me": true,
    "party": true,
    "quests": true,
    "raids": false,
    "raids_beasts_hl": false,
    "raids_m1_h": false,
    "raids_m1_h+": false,
    "raids_m1": false,
    "raids_m1_hl": false,
    "raids_m1_ex+": false,
    "raids_m2_hl": false,
    "raids_malice_hl": false,
    "raids_nightmare": false,
    "raids_nightmare_hl": false,
    "raids_primarchs": false,
    "raids_rapture_hl": false,
    "raids_t1": false,
    "raids_t1_hl": false,
    "raids_t2": false,
    "raids_t3_hl": false,
    "raids_ultimate": false,
    "raids_ultimate_hl": false,
    "repeat_quest": true,
    "shop": true,
    "trial_battles": true,
    "upgrade": false
  }
}
